{
  "$schema": "https://schema.management.azure.com/schemas/2019-04-01/deploymentTemplate.json#",
  "contentVersion": "1.0.0.0",
  "metadata": {
    "_generator": {
      "name": "bicep",
      "version": "0.8.9.13224",
      "templateHash": "15495738823141086515"
    }
  },
  "parameters": {
    "adminUsername": {
      "type": "string",
      "metadata": {
        "description": "Username for the Virtual Machine."
      }
    },
    "adminPassword": {
      "type": "secureString",
      "minLength": 12,
      "metadata": {
        "description": "Password for the Virtual Machine."
      }
    },
    "dnsLabelPrefix": {
      "type": "string",
      "defaultValue": "[toLower(format('{0}-{1}', parameters('vmName'), uniqueString(resourceGroup().id, parameters('vmName'))))]",
      "metadata": {
        "description": "Unique DNS Name for the Public IP used to access the Virtual Machine."
      }
    },
    "publicIpName": {
      "type": "string",
      "defaultValue": "myPublicIP",
      "metadata": {
        "description": "Name for the Public IP used to access the Virtual Machine."
      }
    },
    "publicIPAllocationMethod": {
      "type": "string",
      "defaultValue": "Dynamic",
      "allowedValues": ["Dynamic", "Static"],
      "metadata": {
        "description": "Allocation method for the Public IP used to access the Virtual Machine."
      }
    },
    "publicIpSku": {
      "type": "string",
      "defaultValue": "Basic",
      "allowedValues": ["Basic", "Standard"],
      "metadata": {
        "description": "SKU for the Public IP used to access the Virtual Machine."
      }
    },
    "OSVersion": {
      "type": "string",
      "defaultValue": "2022-datacenter-azure-edition-core",
      "allowedValues": [
        "2008-R2-SP1",
        "2008-R2-SP1-smalldisk",
        "2012-Datacenter",
        "2012-datacenter-gensecond",
        "2012-Datacenter-smalldisk",
        "2012-datacenter-smalldisk-g2",
        "2012-Datacenter-zhcn",
        "2012-datacenter-zhcn-g2",
        "2012-R2-Datacenter",
        "2012-r2-datacenter-gensecond",
        "2012-R2-Datacenter-smalldisk",
        "2012-r2-datacenter-smalldisk-g2",
        "2012-R2-Datacenter-zhcn",
        "2012-r2-datacenter-zhcn-g2",
        "2016-Datacenter",
        "2016-datacenter-gensecond",
        "2016-datacenter-gs",
        "2016-Datacenter-Server-Core",
        "2016-datacenter-server-core-g2",
        "2016-Datacenter-Server-Core-smalldisk",
        "2016-datacenter-server-core-smalldisk-g2",
        "2016-Datacenter-smalldisk",
        "2016-datacenter-smalldisk-g2",
        "2016-Datacenter-with-Containers",
        "2016-datacenter-with-containers-g2",
        "2016-datacenter-with-containers-gs",
        "2016-Datacenter-zhcn",
        "2016-datacenter-zhcn-g2",
        "2019-Datacenter",
        "2019-Datacenter-Core",
        "2019-datacenter-core-g2",
        "2019-Datacenter-Core-smalldisk",
        "2019-datacenter-core-smalldisk-g2",
        "2019-Datacenter-Core-with-Containers",
        "2019-datacenter-core-with-containers-g2",
        "2019-Datacenter-Core-with-Containers-smalldisk",
        "2019-datacenter-core-with-containers-smalldisk-g2",
        "2019-datacenter-gensecond",
        "2019-datacenter-gs",
        "2019-Datacenter-smalldisk",
        "2019-datacenter-smalldisk-g2",
        "2019-Datacenter-with-Containers",
        "2019-datacenter-with-containers-g2",
        "2019-datacenter-with-containers-gs",
        "2019-Datacenter-with-Containers-smalldisk",
        "2019-datacenter-with-containers-smalldisk-g2",
        "2019-Datacenter-zhcn",
        "2019-datacenter-zhcn-g2",
        "2022-datacenter",
        "2022-datacenter-azure-edition",
        "2022-datacenter-azure-edition-core",
        "2022-datacenter-azure-edition-core-smalldisk",
        "2022-datacenter-azure-edition-smalldisk",
        "2022-datacenter-core",
        "2022-datacenter-core-g2",
        "2022-datacenter-core-smalldisk",
        "2022-datacenter-core-smalldisk-g2",
        "2022-datacenter-g2",
        "2022-datacenter-smalldisk",
        "2022-datacenter-smalldisk-g2"
      ],
      "metadata": {
        "description": "The Windows version for the VM. This will pick a fully patched image of this given Windows version."
      }
    },
    "vmSize": {
      "type": "string",
      "defaultValue": "Standard_DS1",
      "metadata": {
        "description": "Size of the virtual machine."
      }
    },
    "location": {
      "type": "string",
      "defaultValue": "[resourceGroup().location]",
      "metadata": {
        "description": "Location for all resources."
      }
    },
    "vmName": {
      "type": "string",
      "defaultValue": "simple-vm",
      "metadata": {
        "description": "Name of the virtual machine."
      }
    },

    
    "vmNameLinux": {
      "type": "string",
      "defaultValue": "simpleLinuxVM",
      "metadata": {
        "description": "The name of you Virtual Machine."
      }
    },
    "adminUsernameLinux": {
      "type": "string",
      "metadata": {
        "description": "Username for the Virtual Machine."
      }
    },
    "authenticationType": {
      "type": "string",
      "defaultValue": "password",
      "allowedValues": [ "sshPublicKey", "password" ],
      "metadata": {
        "description": "Type of authentication to use on the Virtual Machine. SSH key is recommended."
      }
    },
    "adminPasswordOrKey": {
      "type": "secureString",
      "metadata": {
        "description": "SSH Key or password for the Virtual Machine. SSH key is recommended."
      }
    },
    "dnsLabelPrefixLinux": {
      "type": "string",
      "defaultValue": "[toLower(format('{0}-{1}', parameters('vmNameLinux'), uniqueString(resourceGroup().id)))]",
      "metadata": {
        "description": "Unique DNS Name for the Public IP used to access the Virtual Machine."
      }
    },
    "ubuntuOSVersion": {
      "type": "string",
      "defaultValue": "18.04-LTS",
      "allowedValues": [
        "12.04.5-LTS",
        "14.04.5-LTS",
        "16.04.0-LTS",
        "18.04-LTS"
      ],
      "metadata": {
        "description": "The Ubuntu version for the VM. This will pick a fully patched image of this given Ubuntu version."
      }
    },
    "locationLinux": {
      "type": "string",
      "defaultValue": "[resourceGroup().location]",
      "metadata": {
        "description": "Location for all resources."
      }
    },
    "vmSizeLinux": {
      "type": "string",
      "defaultValue": "Standard_DS1",
      "metadata": {
        "description": "The size of the VM"
      }
    },
    "virtualNetworkName": {
      "type": "string",
      "defaultValue": "vNet",
      "metadata": {
        "description": "Name of the VNET"
      }
    },
    "subnetName": {
      "type": "string",
      "defaultValue": "Subnet",
      "metadata": {
        "description": "Name of the subnet in the virtual network"
      }
    },
    "networkSecurityGroupName": {
      "type": "string",
      "defaultValue": "SecGroupNet",
      "metadata": {
        "description": "Name of the Network Security Group"
      }
    }
  },
  "variables": {
    "storageAccountName": "[format('bootdiags{0}', uniqueString(resourceGroup().id))]",
    "nicName": "myVMNic",
    "addressPrefix": "10.0.0.0/16",
    "subnetName": "Subnet",
    "subnetPrefix": "10.0.0.0/24",
    "virtualNetworkName": "MyVNET",
    "networkSecurityGroupName": "default-NSG",

    "publicIPAddressName": "[format('{0}PublicIP', parameters('vmNameLinux'))]",
    "networkInterfaceName": "[format('{0}NetInt', parameters('vmNameLinux'))]",
    "osDiskType": "Standard_LRS",
    "subnetAddressPrefix": "10.1.0.0/24",
    "addressPrefixLinux": "10.1.0.0/16",
    "linuxConfiguration": {
      "disablePasswordAuthentication": true,
      "ssh": {
        "publicKeys": [
          {
            "path": "[format('/home/{0}/.ssh/authorized_keys', parameters('adminUsernameLinux'))]",
            "keyData": "[parameters('adminPasswordOrKey')]"
          }
        ]
      }
    }
  },
  "resources": [
    {
      "type": "Microsoft.Storage/storageAccounts",
      "apiVersion": "2021-04-01",
      "name": "[variables('storageAccountName')]",
      "location": "[parameters('location')]",
      "sku": {
        "name": "Standard_LRS"
      },
      "kind": "Storage"
    },
    {
      "type": "Microsoft.Network/publicIPAddresses",
      "apiVersion": "2021-02-01",
      "name": "[parameters('publicIpName')]",
      "location": "[parameters('location')]",
      "sku": {
        "name": "[parameters('publicIpSku')]"
      },
      "properties": {
        "publicIPAllocationMethod": "[parameters('publicIPAllocationMethod')]",
        "dnsSettings": {
          "domainNameLabel": "[parameters('dnsLabelPrefix')]"
        }
      }
    },
    {
      "type": "Microsoft.Network/networkSecurityGroups",
      "apiVersion": "2021-02-01",
      "name": "[variables('networkSecurityGroupName')]",
      "location": "[parameters('location')]",
      "properties": {
        "securityRules": [
          {
            "name": "default-allow-3389",
            "properties": {
              "priority": 1000,
              "access": "Allow",
              "direction": "Inbound",
              "destinationPortRange": "3389",
              "protocol": "Tcp",
              "sourcePortRange": "*",
              "sourceAddressPrefix": "*",
              "destinationAddressPrefix": "*"
            }
          }
        ]
      }
    },
    {
      "type": "Microsoft.Network/virtualNetworks",
      "apiVersion": "2021-02-01",
      "name": "[variables('virtualNetworkName')]",
      "location": "[parameters('location')]",
      "properties": {
        "addressSpace": {
          "addressPrefixes": ["[variables('addressPrefix')]"]
        },
        "subnets": [
          {
            "name": "[variables('subnetName')]",
            "properties": {
              "addressPrefix": "[variables('subnetPrefix')]",
              "networkSecurityGroup": {
                "id": "[resourceId('Microsoft.Network/networkSecurityGroups', variables('networkSecurityGroupName'))]"
              }
            }
          }
        ]
      },
      "dependsOn": [
        "[resourceId('Microsoft.Network/networkSecurityGroups', variables('networkSecurityGroupName'))]"
      ]
    },
    {
      "type": "Microsoft.Network/networkInterfaces",
      "apiVersion": "2021-02-01",
      "name": "[variables('nicName')]",
      "location": "[parameters('location')]",
      "properties": {
        "ipConfigurations": [
          {
            "name": "ipconfig1",
            "properties": {
              "privateIPAllocationMethod": "Dynamic",
              "publicIPAddress": {
                "id": "[resourceId('Microsoft.Network/publicIPAddresses', parameters('publicIpName'))]"
              },
              "subnet": {
                "id": "[resourceId('Microsoft.Network/virtualNetworks/subnets', variables('virtualNetworkName'), variables('subnetName'))]"
              }
            }
          }
        ]
      },
      "dependsOn": [
        "[resourceId('Microsoft.Network/publicIPAddresses', parameters('publicIpName'))]",
        "[resourceId('Microsoft.Network/virtualNetworks', variables('virtualNetworkName'))]"
      ]
    },
    {
      "type": "Microsoft.Compute/virtualMachines",
      "apiVersion": "2021-03-01",
      "name": "[parameters('vmName')]",
      "location": "[parameters('location')]",
      "properties": {
        "hardwareProfile": {
          "vmSize": "[parameters('vmSize')]"
        },
        "osProfile": {
          "computerName": "[parameters('vmName')]",
          "adminUsername": "[parameters('adminUsername')]",
          "adminPassword": "[parameters('adminPassword')]"
        },
        "storageProfile": {
          "imageReference": {
            "publisher": "MicrosoftWindowsServer",
            "offer": "WindowsServer",
            "sku": "[parameters('OSVersion')]",
            "version": "latest"
          },
          "osDisk": {
            "createOption": "FromImage",
            "managedDisk": {
              "storageAccountType": "StandardSSD_LRS"
            }
          },
          "dataDisks": [
            {
              "diskSizeGB": 1023,
              "lun": 0,
              "createOption": "Empty"
            }
          ]
        },
        "networkProfile": {
          "networkInterfaces": [
            {
              "id": "[resourceId('Microsoft.Network/networkInterfaces', variables('nicName'))]"
            }
          ]
        },
        "diagnosticsProfile": {
          "bootDiagnostics": {
            "enabled": true,
            "storageUri": "[reference(resourceId('Microsoft.Storage/storageAccounts', variables('storageAccountName'))).primaryEndpoints.blob]"
          }
        }
      },
      "dependsOn": [
        "[resourceId('Microsoft.Network/networkInterfaces', variables('nicName'))]",
        "[resourceId('Microsoft.Storage/storageAccounts', variables('storageAccountName'))]"
      ]
    },





    {
      "type": "Microsoft.Network/networkInterfaces",
      "apiVersion": "2021-05-01",
      "name": "[variables('networkInterfaceName')]",
      "location": "[parameters('locationLinux')]",
      "properties": {
        "ipConfigurations": [
          {
            "name": "ipconfig1",
            "properties": {
              "subnet": {
                "id": "[resourceId('Microsoft.Network/virtualNetworks/subnets', parameters('virtualNetworkName'), parameters('subnetName'))]"
              },
              "privateIPAllocationMethod": "Dynamic",
              "publicIPAddress": {
                "id": "[resourceId('Microsoft.Network/publicIPAddresses', variables('publicIPAddressName'))]"
              }
            }
          }
        ],
        "networkSecurityGroup": {
          "id": "[resourceId('Microsoft.Network/networkSecurityGroups', parameters('networkSecurityGroupName'))]"
        }
      },
      "dependsOn": [
        "[resourceId('Microsoft.Network/networkSecurityGroups', parameters('networkSecurityGroupName'))]",
        "[resourceId('Microsoft.Network/publicIPAddresses', variables('publicIPAddressName'))]",
        "[resourceId('Microsoft.Network/virtualNetworks/subnets', parameters('virtualNetworkName'), parameters('subnetName'))]"
      ]
    },
    {
      "type": "Microsoft.Network/networkSecurityGroups",
      "apiVersion": "2021-05-01",
      "name": "[parameters('networkSecurityGroupName')]",
      "location": "[parameters('locationLinux')]",
      "properties": {
        "securityRules": [
          {
            "name": "SSH",
            "properties": {
              "priority": 1000,
              "protocol": "Tcp",
              "access": "Allow",
              "direction": "Inbound",
              "sourceAddressPrefix": "*",
              "sourcePortRange": "*",
              "destinationAddressPrefix": "*",
              "destinationPortRange": "22"
            }
          }
        ]
      }
    },
    {
      "type": "Microsoft.Network/virtualNetworks",
      "apiVersion": "2021-05-01",
      "name": "[parameters('virtualNetworkName')]",
      "location": "[parameters('locationLinux')]",
      "properties": {
        "addressSpace": {
          "addressPrefixes": [ "[variables('addressPrefixLinux')]" ]
        }
      }
    },
    {
      "type": "Microsoft.Network/virtualNetworks/subnets",
      "apiVersion": "2021-05-01",
      "name": "[format('{0}/{1}', parameters('virtualNetworkName'), parameters('subnetName'))]",
      "properties": {
        "addressPrefix": "[variables('subnetAddressPrefix')]",
        "privateEndpointNetworkPolicies": "Enabled",
        "privateLinkServiceNetworkPolicies": "Enabled"
      },
      "dependsOn": [
        "[resourceId('Microsoft.Network/virtualNetworks', parameters('virtualNetworkName'))]"
      ]
    },
    {
      "type": "Microsoft.Network/publicIPAddresses",
      "apiVersion": "2021-05-01",
      "name": "[variables('publicIPAddressName')]",
      "location": "[parameters('locationLinux')]",
      "sku": {
        "name": "Basic"
      },
      "properties": {
        "publicIPAllocationMethod": "Dynamic",
        "publicIPAddressVersion": "IPv4",
        "dnsSettings": {
          "domainNameLabel": "[parameters('dnsLabelPrefixLinux')]"
        },
        "idleTimeoutInMinutes": 4
      }
    },
    {
      "type": "Microsoft.Compute/virtualMachines",
      "apiVersion": "2021-11-01",
      "name": "[parameters('vmNameLinux')]",
      "location": "[parameters('locationLinux')]",
      "properties": {
        "hardwareProfile": {
          "vmSize": "[parameters('vmSizeLinux')]"
        },
        "storageProfile": {
          "osDisk": {
            "createOption": "FromImage",
            "managedDisk": {
              "storageAccountType": "[variables('osDiskType')]"
            }
          },
          "imageReference": {
            "publisher": "Canonical",
            "offer": "UbuntuServer",
            "sku": "[parameters('ubuntuOSVersion')]",
            "version": "latest"
          }
        },
        "networkProfile": {
          "networkInterfaces": [
            {
              "id": "[resourceId('Microsoft.Network/networkInterfaces', variables('networkInterfaceName'))]"
            }
          ]
        },
        "osProfile": {
          "computerName": "[parameters('vmNameLinux')]",
          "adminUsername": "[parameters('adminUsernameLinux')]",
          "adminPassword": "[parameters('adminPasswordOrKey')]",
          "linuxConfiguration": "[if(equals(parameters('authenticationType'), 'password'), null(), variables('linuxConfiguration'))]"
        }
      },
      "dependsOn": [
        "[resourceId('Microsoft.Network/networkInterfaces', variables('networkInterfaceName'))]"
      ]
    }


    
  ],
  "outputs": {
    "hostname": {
      "type": "string",
      "value": "[reference(resourceId('Microsoft.Network/publicIPAddresses', parameters('publicIpName'))).dnsSettings.fqdn]"
    }
  }
}
